title,summary,source,url,published_at,authors,overall_sentiment_score,overall_sentiment_label,ticker_sentiment_score,ticker_sentiment_label,ticker
Microsoft Plans $50 Billion Push to Bring AI to the Global South,Tech giant outlines long-term investment at India AI Impact Summit.,Yahoo Finance,https://finance.yahoo.com/news/microsoft-plans-50-billion-push-115549664.html?.tsrc=rss,2026-02-18 11:55:49+00:00,,,,,,MSFT
"Social Buzz: Wallstreetbets Stocks Mostly Higher Premarket Wednesday; Amazon to Rise, Sandisk to Fall",The most-talked-about stocks in the Reddit subforum Wallstreetbets were mostly higher hours before W,Yahoo Finance,https://finance.yahoo.com/news/social-buzz-wallstreetbets-stocks-mostly-113450880.html?.tsrc=rss,2026-02-18 11:34:50+00:00,,,,,,MSFT
"Business-to-Business (B2B) Continuing Education Report 2026: A $10+ Billion Market by 2030, Driven by Rising Demand for Online Learning, AI Personalization, and Reskilling Programs - Forecast to 2035","Opportunities in the B2B continuing education market include rising demand for online learning, AI-driven personalization, and reskilling programs, with growing integrations in enterprise systems. Key regions are North America and Asia-Pacific, focusing on cloud computing and AI skills training, led by companies like Microsoft and Adobe. Business-to-Business (B2B) Continuing Education Market Business-to-Business (B2B) Continuing Education Market Dublin, Feb. 18, 2026 (GLOBE NEWSWIRE) -- The ""Bus",Yahoo Finance,https://finance.yahoo.com/news/business-business-b2b-continuing-education-111400949.html?.tsrc=rss,2026-02-18 11:14:00+00:00,,,,,,MSFT
Stock-Split Watch: Is Microsoft Next?,Its approximately $400-per-share price is close to where Apple split its stock in 2020.,Yahoo Finance,https://www.fool.com/investing/2026/02/18/stock-split-watch-is-microsoft-next/?.tsrc=rss,2026-02-18 10:50:00+00:00,,,,,,MSFT
Wall Street Hunts for Bottom as S&P Retests ‘Rock Solid’ Support,"“If it was to fail now, that would be an indication that sentiment might be shifting more bearishly,” Colin Cieszynski, chief market strategist at SIA Wealth Management Inc., said by phone.  While the S&amp;P 500 once again held the line on Tuesday, closing up 0.1% at 6,843.22, it earlier fell to intraday low of 6,775.50.",Yahoo Finance,https://finance.yahoo.com/news/wall-street-hunts-bottom-p-103000837.html?.tsrc=rss,2026-02-18 10:30:00+00:00,,,,,,MSFT
Stock-Split Watch: Is Microsoft Next? - The Motley Fool,"<a href=""https://news.google.com/rss/articles/CBMihAFBVV95cUxNbXV0QkxWeVlqb1FJOTZJaElPU2J4REJGNXg5Nzd2OUgtQndCMmNYRkJvdS1rdjF6blg1NGd0ZkE0UFhtdTQxWDRhOVBaY2x6NV9SSWRfSHpsLWNVUzFCcXpsWWNUZWlEMGUwZ21sWDJ2dEt6S0NBVEd1QTRjSk45c1MwTlQ?oc=5"" target=""_blank"">Stock-Split Watch: Is Microsoft Next?</a>&nbsp;&nbsp;<font color=""#6f6f6f"">The Motley Fool</font>",Google News,https://news.google.com/rss/articles/CBMihAFBVV95cUxNbXV0QkxWeVlqb1FJOTZJaElPU2J4REJGNXg5Nzd2OUgtQndCMmNYRkJvdS1rdjF6blg1NGd0ZkE0UFhtdTQxWDRhOVBaY2x6NV9SSWRfSHpsLWNVUzFCcXpsWWNUZWlEMGUwZ21sWDJ2dEt6S0NBVEd1QTRjSk45c1MwTlQ?oc=5,2026-02-18 10:30:00+00:00,,,,,,MSFT
Apple’s $2.84 Earnings Beat Can’t Overcome Siri Delay Concerns,"Over the past week, Apple (NASDAQ:AAPL) shares have fallen by more than 4% despite posting its strongest quarter on record, a paradox that highlights investor concerns about the company’s cautious AI strategy. While revenue surged past $143 billion and earnings beat expectations with $2.84 EPS, the stock has declined 3% year-to-date even as the S&amp;P ... Apple’s $2.84 Earnings Beat Can’t Overcome Siri Delay Concerns",Yahoo Finance,https://247wallst.com/investing/2026/02/18/apples-2-84-earnings-beat-cant-overcome-siri-delay-concerns/?.tsrc=rss,2026-02-18 10:22:04+00:00,,,,,,MSFT
Adani Group invests $100bn in India’s renewable-powered AI data centres,The company aims to expand India’s data centre and AI capacity through major partnerships and renewable energy investment.,Yahoo Finance,https://www.verdict.co.uk/adani-invests-100bn-india-ai-data-centres/?.tsrc=rss,2026-02-18 10:06:16+00:00,,,,,,MSFT
Microsoft (MSFT) Stock: Tech Giant Eyes $50 Billion AI Expansion Into Emerging Markets - CoinCentral,"<a href=""https://news.google.com/rss/articles/CBMiqwFBVV95cUxNVTJRY1JXSDJFVUJwNGFrZ0NYWFJpUzZNMHFHdkx0bXRuN0o1Z3dvX09Oa0x1U0lQLUdVZXYyTDc5Q2h2b2EzTEg0NUF3UG1WdzZmLXhzcTJ4QXJMTF90bmwwQkdod0lScVkxUU44bGxmWVJCTGVZM1NBOTdld1pta00xLUpXa2MxM3JfUTJOdG9JZ2V0U3ZMV0lJWXljSlNRdmxiNURhTUU3a0E?oc=5"" target=""_blank"">Microsoft (MSFT) Stock: Tech Giant Eyes $50 Billion AI Expansion Into Emerging Markets</a>&nbsp;&nbsp;<font color=""#6f6f6f"">CoinCentral</font>",Google News,https://news.google.com/rss/articles/CBMiqwFBVV95cUxNVTJRY1JXSDJFVUJwNGFrZ0NYWFJpUzZNMHFHdkx0bXRuN0o1Z3dvX09Oa0x1U0lQLUdVZXYyTDc5Q2h2b2EzTEg0NUF3UG1WdzZmLXhzcTJ4QXJMTF90bmwwQkdod0lScVkxUU44bGxmWVJCTGVZM1NBOTdld1pta00xLUpXa2MxM3JfUTJOdG9JZ2V0U3ZMV0lJWXljSlNRdmxiNURhTUU3a0E?oc=5,2026-02-18 09:37:44+00:00,,,,,,MSFT
Microsoft says it is on pace to invest $50 billion in 'Global South' AI push,Feb 18 (Reuters) - Microsoft on Wednesday said it is on pace to invest $50 billion by the end of the decade to help expand AI to countries across the 'Global South'.,Yahoo Finance,https://finance.yahoo.com/news/microsoft-says-pace-invest-50-054811646.html?.tsrc=rss,2026-02-18 06:33:23+00:00,,,,,,MSFT
Microsoft Shares (NASDAQ: MSFT) See 17% Year-to-Date Decline Amid AI Margin Concerns - Meyka,"<a href=""https://news.google.com/rss/articles/CBMirgFBVV95cUxPTWNOLU8yVi0tamJSX25vOVRfNEl4VUdrYkowUTRiblIzbS1ua2tJb2NBUkpQNkVpTXQwNFlQZDFiSzhMVDBVNnNTN05xUmM3SEFJaF9faWctYWh6dXo1R28xZ3VXS3lDb2dhZTV2bHJDaG9oc1FMOXpTb3FvWUZLRnpfNTF0bkZOeHpGNDBJTUZHMTVMb3ItVkl6UUJXMFRwU1JqeV9RUG8xTWZGbGc?oc=5"" target=""_blank"">Microsoft Shares (NASDAQ: MSFT) See 17% Year-to-Date Decline Amid AI Margin Concerns</a>&nbsp;&nbsp;<font color=""#6f6f6f"">Meyka</font>",Google News,https://news.google.com/rss/articles/CBMirgFBVV95cUxPTWNOLU8yVi0tamJSX25vOVRfNEl4VUdrYkowUTRiblIzbS1ua2tJb2NBUkpQNkVpTXQwNFlQZDFiSzhMVDBVNnNTN05xUmM3SEFJaF9faWctYWh6dXo1R28xZ3VXS3lDb2dhZTV2bHJDaG9oc1FMOXpTb3FvWUZLRnpfNTF0bkZOeHpGNDBJTUZHMTVMb3ItVkl6UUJXMFRwU1JqeV9RUG8xTWZGbGc?oc=5,2026-02-18 05:30:10+00:00,,,,,,MSFT
Microsoft Ericsson 5G And AI Tie Up Reframes Enterprise Windows Narrative,"Microsoft, ticker NasdaqGS:MSFT, and Ericsson announced a new enterprise-grade integration of 5G and AI directly into Windows 11 devices. The collaboration focuses on secure mobile connectivity, automated connectivity policies, and IT management tools tailored to large organizations. The solution was presented at MWC Barcelona 2026 as a new approach to managing mobile workforces and global connectivity. For investors tracking NasdaqGS:MSFT, this move connects Microsoft's Windows 11...",Yahoo Finance,https://finance.yahoo.com/news/microsoft-ericsson-5g-ai-tie-043615235.html?.tsrc=rss,2026-02-18 04:36:15+00:00,,,,,,MSFT
"MSFT Stock Risks Breakdown on $400 Break, as Surging AI Costs Pressure Microsoft Margins - FXLeaders","<a href=""https://news.google.com/rss/articles/CBMiyAFBVV95cUxOQ3VaZlVjN2s4NThQamdtbnl2cWRxVC1oWXRDRWVfV1FLVkl1QUhucmNHVmw2eFVMUGRmdkNKWml6MnFHUkRXcHB1V1RJLXR2THJyUlVHQlFuNkVTam5RZlRCTGZKZWlFVUUza2hPM3gyTDNSUlJubktSWDh5by1zRDBtN0NTTnd2Sm1ENFk2bkxuYXlfVk1QRVUxcUFyNjBfYzY4XzhPRDc3MW81N0plNW1abTdRaW9qNVczWFprNnk1YVdVZDdBZw?oc=5"" target=""_blank"">MSFT Stock Risks Breakdown on $400 Break, as Surging AI Costs Pressure Microsoft Margins</a>&nbsp;&nbsp;<font color=""#6f6f6f"">FXLeaders</font>",Google News,https://news.google.com/rss/articles/CBMiyAFBVV95cUxOQ3VaZlVjN2s4NThQamdtbnl2cWRxVC1oWXRDRWVfV1FLVkl1QUhucmNHVmw2eFVMUGRmdkNKWml6MnFHUkRXcHB1V1RJLXR2THJyUlVHQlFuNkVTam5RZlRCTGZKZWlFVUUza2hPM3gyTDNSUlJubktSWDh5by1zRDBtN0NTTnd2Sm1ENFk2bkxuYXlfVk1QRVUxcUFyNjBfYzY4XzhPRDc3MW81N0plNW1abTdRaW9qNVczWFprNnk1YVdVZDdBZw?oc=5,2026-02-18 04:25:04+00:00,,,,,,MSFT
Investors Dump Microsoft Shares Despite Largest Earnings Beat in Company History,"One of the biggest names in tech, Microsoft (NASDAQ:MSFT) shares have plunged below $400 despite delivering the largest earnings beat in company history, as investors question whether the company’s massive AI infrastructure spending will ever translate into profitable product adoption. The stock has plunged nearly a fifth this year as investors rotate away from AI ... Investors Dump Microsoft Shares Despite Largest Earnings Beat in Company History",Yahoo Finance,https://247wallst.com/investing/2026/02/17/investors-dump-microsoft-shares-despite-largest-earnings-beat-in-company-history/?.tsrc=rss,2026-02-18 03:24:33+00:00,,,,,,MSFT
Investors Dump Microsoft Shares Despite Largest Earnings Beat in Company History - 24/7 Wall St.,"<a href=""https://news.google.com/rss/articles/CBMiwgFBVV95cUxPMmpzWFFFYVhGYWo5cjBoNXFxclV1MFY3dE55THpieFVuZENKWFZmVmpmQjBxLVFtaDNaZ2I1RnBHbkVaZTVBbmtwRVdwd1RXYTVQeWNKNUlfRG5SQXNBRjg5X2tJUjRyMUhndGVqdm52TzltOWpzOXlQeWVqR1hRd2F2YVJBbnJVcGw3MmF1YklqRFd4MGFiN2MySTFJNWREVUF0bkE2azJ0Zmh6bkgtZ21FcDB3TTJjZlhrdF9TSmctZw?oc=5"" target=""_blank"">Investors Dump Microsoft Shares Despite Largest Earnings Beat in Company History</a>&nbsp;&nbsp;<font color=""#6f6f6f"">24/7 Wall St.</font>",Google News,https://news.google.com/rss/articles/CBMiwgFBVV95cUxPMmpzWFFFYVhGYWo5cjBoNXFxclV1MFY3dE55THpieFVuZENKWFZmVmpmQjBxLVFtaDNaZ2I1RnBHbkVaZTVBbmtwRVdwd1RXYTVQeWNKNUlfRG5SQXNBRjg5X2tJUjRyMUhndGVqdm52TzltOWpzOXlQeWVqR1hRd2F2YVJBbnJVcGw3MmF1YklqRFd4MGFiN2MySTFJNWREVUF0bkE2azJ0Zmh6bkgtZ21FcDB3TTJjZlhrdF9TSmctZw?oc=5,2026-02-18 03:24:33+00:00,,,,,,MSFT
Reddit Sentiment Swings Wildly on SPY Despite Core Inflation Below Fed Target,"The SPDR S&amp;P 500 ETF Trust (NYSEARCA:SPY) has traded essentially flat over the past month, slipping 1.13% as investors grapple with uncertainty regarding the Federal Reserve’s policy trajectory and concentration risk in mega-cap tech stocks. Retail investors have responded to the pullback with mixed sentiment on social media, with discussion shifting from bullish to bearish ... Reddit Sentiment Swings Wildly on SPY Despite Core Inflation Below Fed Target",Yahoo Finance,https://247wallst.com/investing/2026/02/17/reddit-sentiment-swings-wildly-on-spy-despite-core-inflation-below-fed-target/?.tsrc=rss,2026-02-18 03:24:12+00:00,,,,,,MSFT
Land Grab for Data Centers Is One More Obstacle to Much-Needed Housing,"Resistance grows to more land sales in Northern Virginia. “They’d rather have homes than data,” said a former Prince William County supervisor.",Yahoo Finance,https://finance.yahoo.com/m/4ed10730-f76f-3791-8651-18697242dc9d/land-grab-for-data-centers-is.html?.tsrc=rss,2026-02-18 02:00:00+00:00,,,,,,MSFT
Mairs and Power's Strategic Moves: NVIDIA Corp Sees a -1.1% Portfolio Impact,Exploring the Latest 13F Filing and Investment Strategies,Yahoo Finance,https://finance.yahoo.com/news/mairs-powers-strategic-moves-nvidia-231251162.html?.tsrc=rss,2026-02-17 23:12:51+00:00,,,,,,MSFT
Fiserv Inc: A Significant Move in Jeff Auxier's Portfolio,Exploring the Strategic Investment Decisions of a Renowned Value Investor,Yahoo Finance,https://finance.yahoo.com/news/fiserv-inc-significant-move-jeff-230956776.html?.tsrc=rss,2026-02-17 23:09:56+00:00,,,,,,MSFT
Andreas Halvorsen's Strategic Moves: A Closer Look at JPMorgan Chase & Co Reduction,"Insightful Analysis of Andreas Halvorsen (Trades, Portfolio)'s Fourth Quarter 2025 13F Filing",Yahoo Finance,https://finance.yahoo.com/news/andreas-halvorsens-strategic-moves-closer-230905459.html?.tsrc=rss,2026-02-17 23:09:05+00:00,,,,,,MSFT
Bill Gates Reduces Stake in Berkshire Hathaway Inc by 3.24%,"Insight into Bill Gates (Trades, Portfolio)' Strategic Investment Moves in Q4 2025",Yahoo Finance,https://finance.yahoo.com/news/bill-gates-reduces-stake-berkshire-230721048.html?.tsrc=rss,2026-02-17 23:07:21+00:00,,,,,,MSFT
Bank of America resets Nvidia stock forecast,"Nvidia (NVDA) stock has gained about 32% over the past year, at the time of writing, Tuesday afternoon, Feb. 17, according to Yahoo Finance. Meanwhile, the SPDR S&amp;P 500 index (SPY) is up about 11% in the same period. It is impressive that Nvidia has outpaced the S&amp;P 500 by more than 20%, ...",Yahoo Finance,https://www.thestreet.com/investing/stocks/bank-of-america-resets-nvidia-stock-forecast?.tsrc=rss,2026-02-17 22:47:00+00:00,,,,,,MSFT
"Stock Market Today, Feb. 17: Apple Rebounds as AI Strategy Heads Into High-Profile March Event","Apple rebounded after a high-profile analyst reiterated confidence in its AI outlook, but attention now shifts to Siri upgrades and the March product event as investors look for clearer proof of AI-driven growth.",Yahoo Finance,https://www.fool.com/coverage/stock-market-today/2026/02/17/stock-market-today-feb-17-apple-rebounds-as-ai-strategy-heads-into-high-profile-march-event/?.tsrc=rss,2026-02-17 22:25:51+00:00,,,,,,MSFT
"MSFT Stock Eyes $350 If Critical Support Breaks, Amid Microsoft’s AI Cost Concerns - FXLeaders","<a href=""https://news.google.com/rss/articles/CBMivwFBVV95cUxONmgwdVcza2NrVUFLN3JGbW9kNV9DLS1yckJOYkt2S0h1eXI2VHBUN2t5T3RiZHpZLUhiQkxwVUl1dS1UVEFEZHh2ejd5OG5ta3VRcG5GYi1nTEg2UVl3cGlkWlhBQzM3RFROdmZBMExVOXExWG1TVmlOQlZ1eEJTaG1iLXN1YUFuMTdBb1NmNGM1SVQ4YUg5dWl5dmNwR0RWZWdfUFlTLWthNWxGQnVtUHZRSHdhdkxUZWg2dV91TQ?oc=5"" target=""_blank"">MSFT Stock Eyes $350 If Critical Support Breaks, Amid Microsoft’s AI Cost Concerns</a>&nbsp;&nbsp;<font color=""#6f6f6f"">FXLeaders</font>",Google News,https://news.google.com/rss/articles/CBMivwFBVV95cUxONmgwdVcza2NrVUFLN3JGbW9kNV9DLS1yckJOYkt2S0h1eXI2VHBUN2t5T3RiZHpZLUhiQkxwVUl1dS1UVEFEZHh2ejd5OG5ta3VRcG5GYi1nTEg2UVl3cGlkWlhBQzM3RFROdmZBMExVOXExWG1TVmlOQlZ1eEJTaG1iLXN1YUFuMTdBb1NmNGM1SVQ4YUg5dWl5dmNwR0RWZWdfUFlTLWthNWxGQnVtUHZRSHdhdkxUZWg2dV91TQ?oc=5,2026-02-17 22:13:24+00:00,,,,,,MSFT
Apple Stock Is Big Tech’s ’Safe Haven’,The fact that Apple hasn’t been spending nearly as much on AI as other megacap tech companies wasn’t always seen as a good thing.,Yahoo Finance,https://finance.yahoo.com/m/077287c5-20ab-346e-abb9-841e1fe00dc6/apple-stock-is-big-tech%E2%80%99s.html?.tsrc=rss,2026-02-17 22:12:00+00:00,,,,,,MSFT
Shopify Backed by Analysts as 'Agentic AI' Winner After Q4 Results,Revenue rose 31% year over year as company guided for continued 30% growth.,Yahoo Finance,https://finance.yahoo.com/news/shopify-backed-analysts-agentic-ai-220645574.html?.tsrc=rss,2026-02-17 22:06:45+00:00,,,,,,MSFT
Microsoft Stock Slopes Down To Lowest Point in Months; Is The Stock A Buy Now? - Investor's Business Daily,"<a href=""https://news.google.com/rss/articles/CBMihgFBVV95cUxPZkFYY3pmQk1wcmVUa0Z5bjVEbWN4Y0xWTTRWNDVHZTNrZllxazZXU1l5RGFDQ0dIbEZqMVlTem9sWVhId3g2U1Fza1pqQTF0SDVlb1VjX1BkTUZhZ0VmSy1SSE9CdC12MmNUbC1VUGY4ODc0S3hoOGxIdkhNWkNwS294eHZSdw?oc=5"" target=""_blank"">Microsoft Stock Slopes Down To Lowest Point in Months; Is The Stock A Buy Now?</a>&nbsp;&nbsp;<font color=""#6f6f6f"">Investor's Business Daily</font>",Google News,https://news.google.com/rss/articles/CBMihgFBVV95cUxPZkFYY3pmQk1wcmVUa0Z5bjVEbWN4Y0xWTTRWNDVHZTNrZllxazZXU1l5RGFDQ0dIbEZqMVlTem9sWVhId3g2U1Fza1pqQTF0SDVlb1VjX1BkTUZhZ0VmSy1SSE9CdC12MmNUbC1VUGY4ODc0S3hoOGxIdkhNWkNwS294eHZSdw?oc=5,2026-02-17 21:55:00+00:00,,,,,,MSFT
Scott Bessent's Case for a 2026 AI Productivity Miracle - The Globe and Mail,"<a href=""https://news.google.com/rss/articles/CBMi1AFBVV95cUxPbEZTTUJ4UlR3MHBFazlfSWZJSkV6VVJMTTRhSHh5dlBfdzduOWd3U1JQYlRIRWM1WnVsRjhjV08yY3NnU1ZFQmNRRWJyTS1BZkdwWkdwUzh1OFhCSFhrWGFsekFFUTBDQWN3WXRLc1JhU2Qyem5MUGx1eU5CT2daZXRpS3hYbTBaVmJYaXBJTkZhWUIzOW1aT1hqenY0NXlockUzVzhReTlYOE1JNFV0WXhROHpCT0hIeWV5WXNaQmR3NlJxLU5oQ29WRU0zM2dRLW12cQ?oc=5"" target=""_blank"">Scott Bessent's Case for a 2026 AI Productivity Miracle</a>&nbsp;&nbsp;<font color=""#6f6f6f"">The Globe and Mail</font>",Google News,https://news.google.com/rss/articles/CBMi1AFBVV95cUxPbEZTTUJ4UlR3MHBFazlfSWZJSkV6VVJMTTRhSHh5dlBfdzduOWd3U1JQYlRIRWM1WnVsRjhjV08yY3NnU1ZFQmNRRWJyTS1BZkdwWkdwUzh1OFhCSFhrWGFsekFFUTBDQWN3WXRLc1JhU2Qyem5MUGx1eU5CT2daZXRpS3hYbTBaVmJYaXBJTkZhWUIzOW1aT1hqenY0NXlockUzVzhReTlYOE1JNFV0WXhROHpCT0hIeWV5WXNaQmR3NlJxLU5oQ29WRU0zM2dRLW12cQ?oc=5,2026-02-17 21:30:59+00:00,,,,,,MSFT
Nvidia and Meta expand GPU team up with millions of additional AI chips,Nvidia and Meta are expanding their chip deal to include millions of more AI processors.,Yahoo Finance (yfinance),https://finance.yahoo.com/news/nvidia-and-meta-expand-gpu-team-up-with-millions-of-additional-ai-chips-211544907.html,2026-02-17 21:15:44+00:00,,,,,,MSFT
"‘A Lose-Lose Situation,’ Says Analyst as Microsoft Stock (MSFT) Faces Downgrade - TipRanks","<a href=""https://news.google.com/rss/articles/CBMipwFBVV95cUxQRFlJa2NkSDVOSVRRNkRIQkRjSURHX3Y4Y2lMZXZOMHBTVWhOaTNXNjJ2TTFRaHZja3hOVGVPVkhFMHZ2YmJ0VExBYmg0V3JYT29OM3gwazR0aFM3Qlhmanp4Z0FUeHB2aHJRb0E2SVF4TmZYNDVrMXJDN2xldEd3LVlWMllKSThSeDNiUGg0RTI5MTlicGFuVUtUVmpTcHlUcXBVbkZBaw?oc=5"" target=""_blank"">‘A Lose-Lose Situation,’ Says Analyst as Microsoft Stock (MSFT) Faces Downgrade</a>&nbsp;&nbsp;<font color=""#6f6f6f"">TipRanks</font>",Google News,https://news.google.com/rss/articles/CBMipwFBVV95cUxQRFlJa2NkSDVOSVRRNkRIQkRjSURHX3Y4Y2lMZXZOMHBTVWhOaTNXNjJ2TTFRaHZja3hOVGVPVkhFMHZ2YmJ0VExBYmg0V3JYT29OM3gwazR0aFM3Qlhmanp4Z0FUeHB2aHJRb0E2SVF4TmZYNDVrMXJDN2xldEd3LVlWMllKSThSeDNiUGg0RTI5MTlicGFuVUtUVmpTcHlUcXBVbkZBaw?oc=5,2026-02-17 21:06:31+00:00,,,,,,MSFT
Microsoft: Major Support Coming In - Investing.com,"<a href=""https://news.google.com/rss/articles/CBMihAFBVV95cUxPYkJuT2NoYXR5dmVhMG1lQWtmZE9XbzRsNm1sX2xDVzZYYUd0cjFYV0liY2NzNERSa0dTUXlIY3U1aVpSZGU0OHpVSFo0ZGU5eEpaclh6XzB3d0RLRVNJd1NpcUgySjNzZEU4XzYtMWZIdmt0V1dWS3A1RjRGX3FVUVhPdW8?oc=5"" target=""_blank"">Microsoft: Major Support Coming In</a>&nbsp;&nbsp;<font color=""#6f6f6f"">Investing.com</font>",Google News,https://news.google.com/rss/articles/CBMihAFBVV95cUxPYkJuT2NoYXR5dmVhMG1lQWtmZE9XbzRsNm1sX2xDVzZYYUd0cjFYV0liY2NzNERSa0dTUXlIY3U1aVpSZGU0OHpVSFo0ZGU5eEpaclh6XzB3d0RLRVNJd1NpcUgySjNzZEU4XzYtMWZIdmt0V1dWS3A1RjRGX3FVUVhPdW8?oc=5,2026-02-17 19:48:24+00:00,,,,,,MSFT
“AI Recommendation Poisoning”: Microsoft Stock (NASDAQ:MSFT) Sinks on New Threat - TipRanks,"<a href=""https://news.google.com/rss/articles/CBMipwFBVV95cUxPRTgtdHcxWF8zZjNaNXZhWWJrdHNFM1ZfdEQxSHNfUFpzelhMdFJZTDkzYlFJZkdpb1N5Y3ZSNHMzY0w0dmpnREZTQU9WcjF4MjNOMUNfMEFBTjE1aTI5VFJQN3lZZXloQ2t6RmZYX29Rb01Sc3lIcmJsZ3psTUszaWxNRjV4VUlDUmJFaEdMVTBqZ0ZYcnVIZVZlN0hqeHNOUFhxVzc0Yw?oc=5"" target=""_blank"">“AI Recommendation Poisoning”: Microsoft Stock (NASDAQ:MSFT) Sinks on New Threat</a>&nbsp;&nbsp;<font color=""#6f6f6f"">TipRanks</font>",Google News,https://news.google.com/rss/articles/CBMipwFBVV95cUxPRTgtdHcxWF8zZjNaNXZhWWJrdHNFM1ZfdEQxSHNfUFpzelhMdFJZTDkzYlFJZkdpb1N5Y3ZSNHMzY0w0dmpnREZTQU9WcjF4MjNOMUNfMEFBTjE1aTI5VFJQN3lZZXloQ2t6RmZYX29Rb01Sc3lIcmJsZ3psTUszaWxNRjV4VUlDUmJFaEdMVTBqZ0ZYcnVIZVZlN0hqeHNOUFhxVzc0Yw?oc=5,2026-02-17 18:35:53+00:00,,,,,,MSFT
Alibaba Stock Rises 28% in 6 Months: Hold Tight or Time to Let Go? - The Globe and Mail,"<a href=""https://news.google.com/rss/articles/CBMi4AFBVV95cUxQZldUTG15cWRqa0tjRnVTWWIwbkpSRll2anQxdzVzR292RVN5QzgxSWlad3oxZ2Z5WWdyWE0yTFFCLUF4cWhsTWFCc0NRSjh4U05lUFNSbnJlQXJROENaMVdNODRXamFEeTN6amhDU1NEQnJMbGF2bW9ZeTk2ejVDQnBaZnE5Z21Db3hZLXhBOC1keXFESGRWLUNsX0RkaGJkTDU1d1VXcHVrc0ExUFlaWUdVck5Weko3RzE1T3NOb3FvMlZjRDRLbVFnR0JXb2Z4QmU5ZnFBRHhncDN2aF9QdQ?oc=5"" target=""_blank"">Alibaba Stock Rises 28% in 6 Months: Hold Tight or Time to Let Go?</a>&nbsp;&nbsp;<font color=""#6f6f6f"">The Globe and Mail</font>",Google News,https://news.google.com/rss/articles/CBMi4AFBVV95cUxQZldUTG15cWRqa0tjRnVTWWIwbkpSRll2anQxdzVzR292RVN5QzgxSWlad3oxZ2Z5WWdyWE0yTFFCLUF4cWhsTWFCc0NRSjh4U05lUFNSbnJlQXJROENaMVdNODRXamFEeTN6amhDU1NEQnJMbGF2bW9ZeTk2ejVDQnBaZnE5Z21Db3hZLXhBOC1keXFESGRWLUNsX0RkaGJkTDU1d1VXcHVrc0ExUFlaWUdVck5Weko3RzE1T3NOb3FvMlZjRDRLbVFnR0JXb2Z4QmU5ZnFBRHhncDN2aF9QdQ?oc=5,2026-02-17 17:15:11+00:00,,,,,,MSFT
How the (MSFT) price action is used to our Advantage (MSFT:CA) - Stock Traders Daily,"<a href=""https://news.google.com/rss/articles/CBMirAFBVV95cUxQWjZaY3RZWG9BUzRWMGlXZ1RtM2JzaHpBeVRGbmJ0QjdvT0RrbHVUazdFN1ZaUm1pdkF2MDRWdUxhSEZrMGtkUVg0SGVZV1ZpMVF3VzRZM01hLWxNQzM3NEhIaGVOaFB1aFd3VHpLekM1MF9Qb1NxbTAtREZvM3NvMkFkRFlObDdnNWs5dEtCVTlqVE9Ba1hmQ3ZlSzgyTUt5SFE2RzJzUEZFd01a?oc=5"" target=""_blank"">How the (MSFT) price action is used to our Advantage (MSFT:CA)</a>&nbsp;&nbsp;<font color=""#6f6f6f"">Stock Traders Daily</font>",Google News,https://news.google.com/rss/articles/CBMirAFBVV95cUxQWjZaY3RZWG9BUzRWMGlXZ1RtM2JzaHpBeVRGbmJ0QjdvT0RrbHVUazdFN1ZaUm1pdkF2MDRWdUxhSEZrMGtkUVg0SGVZV1ZpMVF3VzRZM01hLWxNQzM3NEhIaGVOaFB1aFd3VHpLekM1MF9Qb1NxbTAtREZvM3NvMkFkRFlObDdnNWs5dEtCVTlqVE9Ba1hmQ3ZlSzgyTUt5SFE2RzJzUEZFd01a?oc=5,2026-02-17 17:08:08+00:00,,,,,,MSFT
"As Microsoft Bets on ‘True Self-Sufficiency,’ Should You Bet on MSFT Stock? - Barchart.com","<a href=""https://news.google.com/rss/articles/CBMitAFBVV95cUxNTUw0RlY4TlZ5alNkb09jQnlIcjVnNldQendvOXAxSWRkenVCTlB6R0JwejV1SWZ0bUQ2ZFlIcy1yM1V3bmNlRVJtTl95Q0l1UjdFcHBfQXM1bkhCbGdPN0hKcWo0V282cF90VTZFVE03MTVKOHV0VmlRT0RLYU5ockJfRExPYmdzc3g4OWdXdGFWRk9yQ3VaZkJxS1VYNkRaZ3p3Qm5TLTNhNThmZmxTeXhHX0Y?oc=5"" target=""_blank"">As Microsoft Bets on ‘True Self-Sufficiency,’ Should You Bet on MSFT Stock?</a>&nbsp;&nbsp;<font color=""#6f6f6f"">Barchart.com</font>",Google News,https://news.google.com/rss/articles/CBMitAFBVV95cUxNTUw0RlY4TlZ5alNkb09jQnlIcjVnNldQendvOXAxSWRkenVCTlB6R0JwejV1SWZ0bUQ2ZFlIcy1yM1V3bmNlRVJtTl95Q0l1UjdFcHBfQXM1bkhCbGdPN0hKcWo0V282cF90VTZFVE03MTVKOHV0VmlRT0RLYU5ockJfRExPYmdzc3g4OWdXdGFWRk9yQ3VaZkJxS1VYNkRaZ3p3Qm5TLTNhNThmZmxTeXhHX0Y?oc=5,2026-02-17 16:48:06+00:00,,,,,,MSFT
Magnificent 7 stocks are down for 2 reasons in 2026. The second reason is outside their control - Fast Company,"<a href=""https://news.google.com/rss/articles/CBMiywFBVV95cUxOQmtYb0xINlNDSWdHVy1MQWRxVlhuRjBoZ1F4aHBGM2JZNDVfT2YwdFFWRkJnd2xVYzlPV2FDdUg0MGtSaVNnelIxa2E2ajZIX1R5eVNZMkNoQVotTlRCZ2d1bkhSNGwzNXlUaTctWTNlRDlCNXFEaGJ1WHU0WVJfMks4bVdHME10Tm9DZ2l6dkFhVWh2bDJocUFWZzRZbFhmZHVLcEZHVzZWWUNFOVZsQ3VCQWhoSGhGanBEcjRPUDVQenhUaWYyX3M1NA?oc=5"" target=""_blank"">Magnificent 7 stocks are down for 2 reasons in 2026. The second reason is outside their control</a>&nbsp;&nbsp;<font color=""#6f6f6f"">Fast Company</font>",Google News,https://news.google.com/rss/articles/CBMiywFBVV95cUxOQmtYb0xINlNDSWdHVy1MQWRxVlhuRjBoZ1F4aHBGM2JZNDVfT2YwdFFWRkJnd2xVYzlPV2FDdUg0MGtSaVNnelIxa2E2ajZIX1R5eVNZMkNoQVotTlRCZ2d1bkhSNGwzNXlUaTctWTNlRDlCNXFEaGJ1WHU0WVJfMks4bVdHME10Tm9DZ2l6dkFhVWh2bDJocUFWZzRZbFhmZHVLcEZHVzZWWUNFOVZsQ3VCQWhoSGhGanBEcjRPUDVQenhUaWYyX3M1NA?oc=5,2026-02-17 16:36:04+00:00,,,,,,MSFT
"SA analyst upgrades/downgrades: MSFT, ABNB, SNOW, ENB - Seeking Alpha","<a href=""https://news.google.com/rss/articles/CBMikAFBVV95cUxNazJnajZiMnpMUnVlSkpMeXNlMmlVMVJtTUFKU1ZoZmJ1UjRhYTAtNU9tRmFfQkp5S0dhUlNwYkdoMU1tZWM5eHFxOFY1SnFxNnRXcHpQNVluSlhYM1pqVXRLVDVXUEhBcFhnN0dudGppYTZJRkhZSXRZMndSVEd0dFBGTkxuTFZzYVdzWktiSHk?oc=5"" target=""_blank"">SA analyst upgrades/downgrades: MSFT, ABNB, SNOW, ENB</a>&nbsp;&nbsp;<font color=""#6f6f6f"">Seeking Alpha</font>",Google News,https://news.google.com/rss/articles/CBMikAFBVV95cUxNazJnajZiMnpMUnVlSkpMeXNlMmlVMVJtTUFKU1ZoZmJ1UjRhYTAtNU9tRmFfQkp5S0dhUlNwYkdoMU1tZWM5eHFxOFY1SnFxNnRXcHpQNVluSlhYM1pqVXRLVDVXUEhBcFhnN0dudGppYTZJRkhZSXRZMndSVEd0dFBGTkxuTFZzYVdzWktiSHk?oc=5,2026-02-17 16:02:15+00:00,,,,,,MSFT
Microsoft stock under $400 again: what’s driving MSFT today and what to watch next - Bez Kabli,"<a href=""https://news.google.com/rss/articles/CBMiqAFBVV95cUxNWFNQZHJyNm5OemZOODJmM01YdUhZWDllUDZKZHNSNDNaaktwOU1WMWxHc194WG9UZ1NFMXVxRVozT1lmQTgtUWVNcGh0VGI2cGp0UVBQUFIxWnFuZk01TEM1Q0I3UEpQczhQYUN3ZUo5bHlTb3Z5RG9ta0RNWjJxSDQzb0xtQU1wZUlrRUF1Zl9TblNBRzBHa1R4V0d4cHF3MGNMX0s2R2E?oc=5"" target=""_blank"">Microsoft stock under $400 again: what’s driving MSFT today and what to watch next</a>&nbsp;&nbsp;<font color=""#6f6f6f"">Bez Kabli</font>",Google News,https://news.google.com/rss/articles/CBMiqAFBVV95cUxNWFNQZHJyNm5OemZOODJmM01YdUhZWDllUDZKZHNSNDNaaktwOU1WMWxHc194WG9UZ1NFMXVxRVozT1lmQTgtUWVNcGh0VGI2cGp0UVBQUFIxWnFuZk01TEM1Q0I3UEpQczhQYUN3ZUo5bHlTb3Z5RG9ta0RNWjJxSDQzb0xtQU1wZUlrRUF1Zl9TblNBRzBHa1R4V0d4cHF3MGNMX0s2R2E?oc=5,2026-02-17 15:34:34+00:00,,,,,,MSFT
Why Microsoft Stock Is Bracing For A Bull Run - Forbes,"<a href=""https://news.google.com/rss/articles/CBMipwFBVV95cUxPVHV2T3ZBeFlDTHc2Mm5OeDkzUWJ6cEdWckpQYVdpWW82ZjFNXzFjMFgyQnlOMllZQXdHOHhCaUZSRlFtUlppal9JVGxMSFUycXpQcU9GSTcySU1OWVBVSVJFWTI5TERPdzNSeWhlbTZxSnBMSE83QjYwdnBLNVNiVzdsRF9OMXhQVUFNbmRiWWRMVWd2ZE8wUXl3QWY4Z05DUmo4UENVWQ?oc=5"" target=""_blank"">Why Microsoft Stock Is Bracing For A Bull Run</a>&nbsp;&nbsp;<font color=""#6f6f6f"">Forbes</font>",Google News,https://news.google.com/rss/articles/CBMipwFBVV95cUxPVHV2T3ZBeFlDTHc2Mm5OeDkzUWJ6cEdWckpQYVdpWW82ZjFNXzFjMFgyQnlOMllZQXdHOHhCaUZSRlFtUlppal9JVGxMSFUycXpQcU9GSTcySU1OWVBVSVJFWTI5TERPdzNSeWhlbTZxSnBMSE83QjYwdnBLNVNiVzdsRF9OMXhQVUFNbmRiWWRMVWd2ZE8wUXl3QWY4Z05DUmo4UENVWQ?oc=5,2026-02-17 14:33:09+00:00,,,,,,MSFT
Melius Research Downgrades Microsoft Corporation (MSFT) Stock to Hold - Yahoo Finance,"<a href=""https://news.google.com/rss/articles/CBMimgFBVV95cUxQSXIwbk5OZ3RmbUZ2eEk3TExOTzlTWm1WVkJmYU4wdW03NVJ0SDV3TE55WXBucTRyQU9ETHBhZ2xrMmhLS0xqUUxIWlc5elZibkFxSEF3OTVMTHNXMEpZaFZ0a1JwYzlBemhHYll6QjZLUTlVLUlnUkdoYk0yaW54QnpuXzUxM1l4ZUhyM01xLUtHVzhnOWVVSFhR?oc=5"" target=""_blank"">Melius Research Downgrades Microsoft Corporation (MSFT) Stock to Hold</a>&nbsp;&nbsp;<font color=""#6f6f6f"">Yahoo Finance</font>",Google News,https://news.google.com/rss/articles/CBMimgFBVV95cUxQSXIwbk5OZ3RmbUZ2eEk3TExOTzlTWm1WVkJmYU4wdW03NVJ0SDV3TE55WXBucTRyQU9ETHBhZ2xrMmhLS0xqUUxIWlc5elZibkFxSEF3OTVMTHNXMEpZaFZ0a1JwYzlBemhHYll6QjZLUTlVLUlnUkdoYk0yaW54QnpuXzUxM1l4ZUhyM01xLUtHVzhnOWVVSFhR?oc=5,2026-02-17 12:34:39+00:00,,,,,,MSFT
Should I Buy MSFT Stock in 2026? Expert Analysis & Price Target - Intellectia AI,"<a href=""https://news.google.com/rss/articles/CBMiZ0FVX3lxTE9IYUdNQzk0SmU1T0I0ZUFGQXdqbDZNSENnb0ZiTVRjYVhqeXEyMDU2T2VWTV9WOWlUbmJWNnpSOG1jTWQxdWpjUGRoODlFYlBaeFhjNXpaNklPc0ktZks1Q0xUQ2tkR2M?oc=5"" target=""_blank"">Should I Buy MSFT Stock in 2026? Expert Analysis & Price Target</a>&nbsp;&nbsp;<font color=""#6f6f6f"">Intellectia AI</font>",Google News,https://news.google.com/rss/articles/CBMiZ0FVX3lxTE9IYUdNQzk0SmU1T0I0ZUFGQXdqbDZNSENnb0ZiTVRjYVhqeXEyMDU2T2VWTV9WOWlUbmJWNnpSOG1jTWQxdWpjUGRoODlFYlBaeFhjNXpaNklPc0ktZks1Q0xUQ2tkR2M?oc=5,2026-02-17 09:01:40+00:00,,,,,,MSFT
Microsoft (MSFT) Stock; Slides as AI Return Worries Shake Investor Confidence - CoinCentral,"<a href=""https://news.google.com/rss/articles/CBMikgFBVV95cUxPZVlBZVdTektlVGNHRjZGOFJRbHhGYlZlUGRjUGd6LVpWM25FNzhWZXpKajdmaUh5U3pMQ2hIS2xQZzJtWjRlNFEtNFA1WWtuRWh3ZHNMTkpkaUk3M0NHclR4RUE2VEE3Mm0xYkRzNk1vYWlRa3JJcWM4eU1lVkNPVDlpUmE1STFyYU84a0xvUlhhdw?oc=5"" target=""_blank"">Microsoft (MSFT) Stock; Slides as AI Return Worries Shake Investor Confidence</a>&nbsp;&nbsp;<font color=""#6f6f6f"">CoinCentral</font>",Google News,https://news.google.com/rss/articles/CBMikgFBVV95cUxPZVlBZVdTektlVGNHRjZGOFJRbHhGYlZlUGRjUGd6LVpWM25FNzhWZXpKajdmaUh5U3pMQ2hIS2xQZzJtWjRlNFEtNFA1WWtuRWh3ZHNMTkpkaUk3M0NHclR4RUE2VEE3Mm0xYkRzNk1vYWlRa3JJcWM4eU1lVkNPVDlpUmE1STFyYU84a0xvUlhhdw?oc=5,2026-02-17 07:23:42+00:00,,,,,,MSFT
MSFT Stock Risks Breakdown Under $400 as Surging AI Costs Pressure Microsoft Margins - FXLeaders,"<a href=""https://news.google.com/rss/articles/CBMixAFBVV95cUxPd256OVBibGFudFdFSW5qMU1zX0Y2Y3dLWDVvQjIyTVNiRXpNLWxCUjExVlBKbmI4VlQ4d1hHZ0pmVFRwQnRmanctclR3ckNEdE1PVlpNQjNpLTFtTGNTSHlhaTlJcHJCeUdBWWthRW94YzZYMFB0VlVUWUxPME5tLUxEalZRdkFNbC1tVDNMWll4LXZqSUpodTFMSFFPUld3XzZmNEpvcnJzNzN3d0h4UWhrZVNBd3dleEc3ZTlJMXF3dW5L?oc=5"" target=""_blank"">MSFT Stock Risks Breakdown Under $400 as Surging AI Costs Pressure Microsoft Margins</a>&nbsp;&nbsp;<font color=""#6f6f6f"">FXLeaders</font>",Google News,https://news.google.com/rss/articles/CBMixAFBVV95cUxPd256OVBibGFudFdFSW5qMU1zX0Y2Y3dLWDVvQjIyTVNiRXpNLWxCUjExVlBKbmI4VlQ4d1hHZ0pmVFRwQnRmanctclR3ckNEdE1PVlpNQjNpLTFtTGNTSHlhaTlJcHJCeUdBWWthRW94YzZYMFB0VlVUWUxPME5tLUxEalZRdkFNbC1tVDNMWll4LXZqSUpodTFMSFFPUld3XzZmNEpvcnJzNzN3d0h4UWhrZVNBd3dleEc3ZTlJMXF3dW5L?oc=5,2026-02-17 07:20:42+00:00,,,,,,MSFT
"MSFT Stock Today, February 17: AI ‘Scare Trade’ Hammers Software - Meyka","<a href=""https://news.google.com/rss/articles/CBMikwFBVV95cUxOX3pHVThnUUpycXhiQVpSN1B0dGczTktwR3lFYzNRaFA3V2hfSHFJbm0zOE1wcEpXOHg0ZjI2M3owUXdvU01GdTV6TzJVSU4yNERsZ2xwWVNwckJ0amFndmZWZFNzZHU5dEV2ZUVxUnV0MmVjUmg2M3R3M25SLXNMbmFOMmNqZERuMXJTVW1uczlZZG8?oc=5"" target=""_blank"">MSFT Stock Today, February 17: AI ‘Scare Trade’ Hammers Software</a>&nbsp;&nbsp;<font color=""#6f6f6f"">Meyka</font>",Google News,https://news.google.com/rss/articles/CBMikwFBVV95cUxOX3pHVThnUUpycXhiQVpSN1B0dGczTktwR3lFYzNRaFA3V2hfSHFJbm0zOE1wcEpXOHg0ZjI2M3owUXdvU01GdTV6TzJVSU4yNERsZ2xwWVNwckJ0amFndmZWZFNzZHU5dEV2ZUVxUnV0MmVjUmg2M3R3M25SLXNMbmFOMmNqZERuMXJTVW1uczlZZG8?oc=5,2026-02-17 04:17:19+00:00,,,,,,MSFT
"Investors Are Selling This AI Stock, but Is It Actually a Screaming Buy? - Yahoo Finance","<a href=""https://news.google.com/rss/articles/CBMiiAFBVV95cUxPOWZvSWZMdXNITENBcEpWRXJlSGpoV1pLSmJ0ZGhRVXp1czVTX05RbnFRVGJJdnpBeXY3TjZCbGV0NlV0RmpZRUYxaUZwUGNPeFZsdmZ4VGp0WFowQnhWaUVqWEdXdkk1bWlreUhWalRpREwyWWxIblpJS2VnSWFFUjlHbmJ0WVJ2?oc=5"" target=""_blank"">Investors Are Selling This AI Stock, but Is It Actually a Screaming Buy?</a>&nbsp;&nbsp;<font color=""#6f6f6f"">Yahoo Finance</font>",Google News,https://news.google.com/rss/articles/CBMiiAFBVV95cUxPOWZvSWZMdXNITENBcEpWRXJlSGpoV1pLSmJ0ZGhRVXp1czVTX05RbnFRVGJJdnpBeXY3TjZCbGV0NlV0RmpZRUYxaUZwUGNPeFZsdmZ4VGp0WFowQnhWaUVqWEdXdkk1bWlreUhWalRpREwyWWxIblpJS2VnSWFFUjlHbmJ0WVJ2?oc=5,2026-02-16 19:35:00+00:00,,,,,,MSFT
Microsoft Faces FTC Scrutiny As AI Alliances Shape Valuation Outlook - simplywall.st,"<a href=""https://news.google.com/rss/articles/CBMixwFBVV95cUxOVTkzcWt5VUhTNzVtaVB0Zzg2Z2hxQWZmejMwcmZVN3RjRm5acDY0UnRyN3dFSEh1ZUJyMml4TXh1Z2RsaFVpUV9wYnpEcjM5eTh1SjZ3bWVRSG03UFI1aWtYLWVHZ19fYnQ1ZFhNdG56Z3VIUWx3bmRraEN6S0lpU2ZpUUNQMXk0aXZ1QVVtcVdjek1Ba29iZVRTeEVkRVhRR0VOTVA0ZlFIbmtCSThrYmpTSmhVUjhHejd0dnZXWXJRX0dpQmNZ?oc=5"" target=""_blank"">Microsoft Faces FTC Scrutiny As AI Alliances Shape Valuation Outlook</a>&nbsp;&nbsp;<font color=""#6f6f6f"">simplywall.st</font>",Google News,https://news.google.com/rss/articles/CBMixwFBVV95cUxOVTkzcWt5VUhTNzVtaVB0Zzg2Z2hxQWZmejMwcmZVN3RjRm5acDY0UnRyN3dFSEh1ZUJyMml4TXh1Z2RsaFVpUV9wYnpEcjM5eTh1SjZ3bWVRSG03UFI1aWtYLWVHZ19fYnQ1ZFhNdG56Z3VIUWx3bmRraEN6S0lpU2ZpUUNQMXk0aXZ1QVVtcVdjek1Ba29iZVRTeEVkRVhRR0VOTVA0ZlFIbmtCSThrYmpTSmhVUjhHejd0dnZXWXJRX0dpQmNZ?oc=5,2026-02-16 16:26:52+00:00,,,,,,MSFT
"MSFT, GOOG and AMZN Forecast – Major Tech Stocks Looking to Recover After President’s Day - FXEmpire","<a href=""https://news.google.com/rss/articles/CBMi0gFBVV95cUxPUWQzX19OcmtGX1dzem5zQkI0RFZ5SmV2cHRVbDRiVGttTHJES0NLSWZtcVZyVFZZdzc2cEMxeXFZdXhMQS1LUHRrNDAyeFJZVnQ1NWFMYWg5bUIwSnNUbEFRTWxEUnVtTEFZeV92ZnlncFZvQzhDdUVZQ2poUkN5Q1hxc3hyOHFGM0xUOHJnTDBkTThJMGZleTBid0dKcXpYQllQYWw5SmdpVW90Sk1CY0RHNUhnam1aNjZIWllxczJZVDdpNVFCckdWc256YzRlZFE?oc=5"" target=""_blank"">MSFT, GOOG and AMZN Forecast – Major Tech Stocks Looking to Recover After President’s Day</a>&nbsp;&nbsp;<font color=""#6f6f6f"">FXEmpire</font>",Google News,https://news.google.com/rss/articles/CBMi0gFBVV95cUxPUWQzX19OcmtGX1dzem5zQkI0RFZ5SmV2cHRVbDRiVGttTHJES0NLSWZtcVZyVFZZdzc2cEMxeXFZdXhMQS1LUHRrNDAyeFJZVnQ1NWFMYWg5bUIwSnNUbEFRTWxEUnVtTEFZeV92ZnlncFZvQzhDdUVZQ2poUkN5Q1hxc3hyOHFGM0xUOHJnTDBkTThJMGZleTBid0dKcXpYQllQYWw5SmdpVW90Sk1CY0RHNUhnam1aNjZIWllxczJZVDdpNVFCckdWc256YzRlZFE?oc=5,2026-02-16 14:20:00+00:00,,,,,,MSFT
"‘Worst Selloff in 25 Years,’ Says Dan Ives: Software Stocks NOW, CRM, MSFT in Focus - TipRanks","<a href=""https://news.google.com/rss/articles/CBMiqwFBVV95cUxNck92dTNSdWdBVWg4RkU2MHppNmdaSnRhZEFtNjNSYS00R2NFRWRDRW00ZHR2dzk0ZVdZZEFBTW5XQWdaanNxX1hJNXV2dmhkdWR1X0tZRGpvTWFGeEtGUno3eVdfWTdadWo5LUtKeXJrQzR0VUUzblN3VldOUmRvZTU4bGQwQzUwSFliSlk2a3pBRnBVZkZfbzBWMHRzV3RtdVVBMURMMU03bGM?oc=5"" target=""_blank"">‘Worst Selloff in 25 Years,’ Says Dan Ives: Software Stocks NOW, CRM, MSFT in Focus</a>&nbsp;&nbsp;<font color=""#6f6f6f"">TipRanks</font>",Google News,https://news.google.com/rss/articles/CBMiqwFBVV95cUxNck92dTNSdWdBVWg4RkU2MHppNmdaSnRhZEFtNjNSYS00R2NFRWRDRW00ZHR2dzk0ZVdZZEFBTW5XQWdaanNxX1hJNXV2dmhkdWR1X0tZRGpvTWFGeEtGUno3eVdfWTdadWo5LUtKeXJrQzR0VUUzblN3VldOUmRvZTU4bGQwQzUwSFliSlk2a3pBRnBVZkZfbzBWMHRzV3RtdVVBMURMMU03bGM?oc=5,2026-02-16 08:11:33+00:00,,,,,,MSFT
MSFT Stock Today: February 16 – Saudi Sovereign Cloud Timeline Lifts Azure - Meyka,"<a href=""https://news.google.com/rss/articles/CBMiogFBVV95cUxOVFU0QUFXSmFJYzBvTlB4TlNELXRFUWQ4dzVSZTRxUXJFa0FCaTR2azVtaEpoY1Bnanl5WmNoWTZ0bEEzeDdtanEtaXM0M056NlRjQTN3TS1yZG1UWDB4MFp0MkNORkZyU1B0eXZWXzR3cFZSZGlNMzZWV0c5bGFKd3BVTV9CSmo0MEJQYkdIeTZkV0w0U1d1NnF4OHFYUVctSlE?oc=5"" target=""_blank"">MSFT Stock Today: February 16 – Saudi Sovereign Cloud Timeline Lifts Azure</a>&nbsp;&nbsp;<font color=""#6f6f6f"">Meyka</font>",Google News,https://news.google.com/rss/articles/CBMiogFBVV95cUxOVFU0QUFXSmFJYzBvTlB4TlNELXRFUWQ4dzVSZTRxUXJFa0FCaTR2azVtaEpoY1Bnanl5WmNoWTZ0bEEzeDdtanEtaXM0M056NlRjQTN3TS1yZG1UWDB4MFp0MkNORkZyU1B0eXZWXzR3cFZSZGlNMzZWV0c5bGFKd3BVTV9CSmo0MEJQYkdIeTZkV0w0U1d1NnF4OHFYUVctSlE?oc=5,2026-02-16 07:13:51+00:00,,,,,,MSFT
Why Microsoft's Relatively Small Number of Paying Copilot Customers Could Be a Blessing in Disguise - The Motley Fool,"<a href=""https://news.google.com/rss/articles/CBMilgFBVV95cUxQZE9hNHVxTnBLdlBXNnkzTDVka1gxbHUzWkFFdGxTNDFjNlE3Y2RrSjNUY2JVS0c3bW80Um95eXVxNXFSZm42d2JhY1VBSGNiWkVXbXN6RG5Wb000Q0pKLUMtMW9lWm11dXFoNXlOaGwzQjU1RVJmd0xRQjByblhCUV9sLU9jUzNXNTNLdW5GS21lRDA5QVE?oc=5"" target=""_blank"">Why Microsoft's Relatively Small Number of Paying Copilot Customers Could Be a Blessing in Disguise</a>&nbsp;&nbsp;<font color=""#6f6f6f"">The Motley Fool</font>",Google News,https://news.google.com/rss/articles/CBMilgFBVV95cUxQZE9hNHVxTnBLdlBXNnkzTDVka1gxbHUzWkFFdGxTNDFjNlE3Y2RrSjNUY2JVS0c3bW80Um95eXVxNXFSZm42d2JhY1VBSGNiWkVXbXN6RG5Wb000Q0pKLUMtMW9lWm11dXFoNXlOaGwzQjU1RVJmd0xRQjByblhCUV9sLU9jUzNXNTNLdW5GS21lRDA5QVE?oc=5,2026-02-15 15:00:00+00:00,,,,,,MSFT
Should You Buy the Dip in Microsoft Stock? - The Motley Fool,"<a href=""https://news.google.com/rss/articles/CBMijAFBVV95cUxOeUtsd3NfNE5CYklBLXBmVzRQTnV2R0NlRVE4SjJXMzlaVzZKSVI1amVPSWNhaU9aTXd1cFhNT1RLeWlTcDRjRWJmMnhRN21BaFpGTnF1Z1JCNklGZ1VmR3VfTEdiWXRNLUFFUk0tVGVrWTVGZUE0M21LdjJwdkd5eGROQmw1UjlVa2s3bg?oc=5"" target=""_blank"">Should You Buy the Dip in Microsoft Stock?</a>&nbsp;&nbsp;<font color=""#6f6f6f"">The Motley Fool</font>",Google News,https://news.google.com/rss/articles/CBMijAFBVV95cUxOeUtsd3NfNE5CYklBLXBmVzRQTnV2R0NlRVE4SjJXMzlaVzZKSVI1amVPSWNhaU9aTXd1cFhNT1RLeWlTcDRjRWJmMnhRN21BaFpGTnF1Z1JCNklGZ1VmR3VfTEdiWXRNLUFFUk0tVGVrWTVGZUE0M21LdjJwdkd5eGROQmw1UjlVa2s3bg?oc=5,2026-02-15 12:30:00+00:00,,,,,,MSFT
Why you need to buy Microsoft stock before March 1 - Finbold,"<a href=""https://news.google.com/rss/articles/CBMie0FVX3lxTE9JeHhzNjlpM3dLSTVoekRScHc0U3pmRElIUzRQQ1NvODFvV2JGTmNCMnZjZUFqY2NzYVVSYWF0TV83RmpCUGVBbERpS1dYMXZsUGZ4Z2tpSkNpT192ejV0SlFHUW1VSlp6V3pYaEVpa19aLUM0dDJ6UEJsMA?oc=5"" target=""_blank"">Why you need to buy Microsoft stock before March 1</a>&nbsp;&nbsp;<font color=""#6f6f6f"">Finbold</font>",Google News,https://news.google.com/rss/articles/CBMie0FVX3lxTE9JeHhzNjlpM3dLSTVoekRScHc0U3pmRElIUzRQQ1NvODFvV2JGTmNCMnZjZUFqY2NzYVVSYWF0TV83RmpCUGVBbERpS1dYMXZsUGZ4Z2tpSkNpT192ejV0SlFHUW1VSlp6V3pYaEVpa19aLUM0dDJ6UEJsMA?oc=5,2026-02-15 11:41:14+00:00,,,,,,MSFT
Microsoft Corporation $MSFT Shares Acquired by Triad Wealth Partners LLC - MarketBeat,"<a href=""https://news.google.com/rss/articles/CBMizAFBVV95cUxNbWNrTUIyRDNYQW1UbzRJNE9wSFN4c1loWkVOM1diOG45UGJQLU5Ba05QX3NWNzM2REhXemxmRVZEb3dmajJnUjdrcG5DckYtU1RGOFNkOXljek5GMWVuM0pRWUkwVnZJd2RzM2o3UGk4M2V5S2JHQjNENFRQMC1PTnF6SlMyV3BjemhtMEVfWnZsbWJxTV9reUlZZm53OVdrb1ZGVTN2ZVZfSVJtTXFSWm5ZTUFzTGlCV2lvRGduQWZvN1o3SzBjaDFUZmw?oc=5"" target=""_blank"">Microsoft Corporation $MSFT Shares Acquired by Triad Wealth Partners LLC</a>&nbsp;&nbsp;<font color=""#6f6f6f"">MarketBeat</font>",Google News,https://news.google.com/rss/articles/CBMizAFBVV95cUxNbWNrTUIyRDNYQW1UbzRJNE9wSFN4c1loWkVOM1diOG45UGJQLU5Ba05QX3NWNzM2REhXemxmRVZEb3dmajJnUjdrcG5DckYtU1RGOFNkOXljek5GMWVuM0pRWUkwVnZJd2RzM2o3UGk4M2V5S2JHQjNENFRQMC1PTnF6SlMyV3BjemhtMEVfWnZsbWJxTV9reUlZZm53OVdrb1ZGVTN2ZVZfSVJtTXFSWm5ZTUFzTGlCV2lvRGduQWZvN1o3SzBjaDFUZmw?oc=5,2026-02-15 10:39:54+00:00,,,,,,MSFT
Microsoft Corporation $MSFT Stake Lessened by Stock Yards Bank & Trust Co. - MarketBeat,"<a href=""https://news.google.com/rss/articles/CBMiywFBVV95cUxNZU5xOGpJVG04V3NMSUJ5V1JTWFJscVZ1WTlPLVV0MVhjb21veGNXSWVycDZLSnZnRlh5a2VHb3ozUUt4UGFCRzZIQkZtVUFFQ1phTnNkXzBmNEROMVVBSFIwXy1Hd1E2dlFYNDQyZ01nQ1JCaTNvTHJ3TzJmcDFuQVpuT0EweUJOR1BCeVNRMjA1QXhUTDM0MkhIVHllS0lTXzZ6OHBTSk9ITHYybFRLSHR4NlFUaWY2WnM3dGNIZEpmYXJRWFFRWHJnVQ?oc=5"" target=""_blank"">Microsoft Corporation $MSFT Stake Lessened by Stock Yards Bank & Trust Co.</a>&nbsp;&nbsp;<font color=""#6f6f6f"">MarketBeat</font>",Google News,https://news.google.com/rss/articles/CBMiywFBVV95cUxNZU5xOGpJVG04V3NMSUJ5V1JTWFJscVZ1WTlPLVV0MVhjb21veGNXSWVycDZLSnZnRlh5a2VHb3ozUUt4UGFCRzZIQkZtVUFFQ1phTnNkXzBmNEROMVVBSFIwXy1Hd1E2dlFYNDQyZ01nQ1JCaTNvTHJ3TzJmcDFuQVpuT0EweUJOR1BCeVNRMjA1QXhUTDM0MkhIVHllS0lTXzZ6OHBTSk9ITHYybFRLSHR4NlFUaWY2WnM3dGNIZEpmYXJRWFFRWHJnVQ?oc=5,2026-02-15 10:37:55+00:00,,,,,,MSFT
Microsoft Corporation $MSFT Shares Sold by Bailard Inc. - MarketBeat,"<a href=""https://news.google.com/rss/articles/CBMitAFBVV95cUxQYzBQMHUtMEpsR3F4d2ExdVdPUloyWnZhWUlya2NTV3VhSWt3ai1RbUJwaHp6ZUlWQWN4TkZVVFZUMmFKSzVzY3JxRnoyR2JMS2Itc3ZvQ09GNUN2b2pGcmRyQjJsZlVmbGJRSTNsSllJbnA2VVBockhEVGhMZnl3OEJ1N2ZFZlZBczFVVzRzY0RLNmwyR3hUVGtVMXBVZVM5QUM3NUR3ZjdSLWhZYkZXaGZBQVE?oc=5"" target=""_blank"">Microsoft Corporation $MSFT Shares Sold by Bailard Inc.</a>&nbsp;&nbsp;<font color=""#6f6f6f"">MarketBeat</font>",Google News,https://news.google.com/rss/articles/CBMitAFBVV95cUxQYzBQMHUtMEpsR3F4d2ExdVdPUloyWnZhWUlya2NTV3VhSWt3ai1RbUJwaHp6ZUlWQWN4TkZVVFZUMmFKSzVzY3JxRnoyR2JMS2Itc3ZvQ09GNUN2b2pGcmRyQjJsZlVmbGJRSTNsSllJbnA2VVBockhEVGhMZnl3OEJ1N2ZFZlZBczFVVzRzY0RLNmwyR3hUVGtVMXBVZVM5QUM3NUR3ZjdSLWhZYkZXaGZBQVE?oc=5,2026-02-15 09:37:52+00:00,,,,,,MSFT
Cornerstone Wealth Group LLC Has $47.87 Million Stock Holdings in Microsoft Corporation $MSFT - MarketBeat,"<a href=""https://news.google.com/rss/articles/CBMi5gFBVV95cUxPQkt2anROdGNWaTlWUktPSTUxZmJRTF9hbWNBdDkzeTN4ZUFUX01Kd3FRMVNrdVhKMFlTeEk2MWl4WUFGeGc5RVBjQW4tVkJGN2h1MjE2SEVDcGNIT211bjA3WkY2azJPY1ZaeUhDWnFvOGJsZnU0bUdHZndvQThua0V1OFhNaXUxWUFWRnZoSXJtd2JVMEdZalEtMDAzQkY0SXpCZ0dsTUZ4YmZnZ0hkTUVKdE9pRkxfSGVuX1VTejB6d3hZVFVYanVqRlhHTGFQRzUzRFVZV3RneGVpWnZvbHhJbUFkQQ?oc=5"" target=""_blank"">Cornerstone Wealth Group LLC Has $47.87 Million Stock Holdings in Microsoft Corporation $MSFT</a>&nbsp;&nbsp;<font color=""#6f6f6f"">MarketBeat</font>",Google News,https://news.google.com/rss/articles/CBMi5gFBVV95cUxPQkt2anROdGNWaTlWUktPSTUxZmJRTF9hbWNBdDkzeTN4ZUFUX01Kd3FRMVNrdVhKMFlTeEk2MWl4WUFGeGc5RVBjQW4tVkJGN2h1MjE2SEVDcGNIT211bjA3WkY2azJPY1ZaeUhDWnFvOGJsZnU0bUdHZndvQThua0V1OFhNaXUxWUFWRnZoSXJtd2JVMEdZalEtMDAzQkY0SXpCZ0dsTUZ4YmZnZ0hkTUVKdE9pRkxfSGVuX1VTejB6d3hZVFVYanVqRlhHTGFQRzUzRFVZV3RneGVpWnZvbHhJbUFkQQ?oc=5,2026-02-15 09:37:45+00:00,,,,,,MSFT
"Boston Common Asset Management LLC Sells 3,318 Shares of Microsoft Corporation $MSFT - MarketBeat","<a href=""https://news.google.com/rss/articles/CBMi2wFBVV95cUxPbVplY0V3c3ZSUEZjY0VwZnZKN2NCcmF3dXIxbURRVjNnUHJhbWNQTTFCUU5TX1VSY1l0a0UzazY3SXNnU1BrQ3lsS203LVdxY3dxR29RNmVvcDROVU1PdUJvUUlEUFFtRjRJaElodTdxdzZIcEg3TjNFLVBDUWhzZmd6T3ZZRjIxUld2Z1Y2MWNfelg5Y0J6S3UxUC1wU1lnbTVtQW90TDRlMnZIeWpPdUVzQ0VtUnpFOEUtMWY0X2pUQnk0eVlqNmx3eTRNN0h6YmNUV0xndVdyZVk?oc=5"" target=""_blank"">Boston Common Asset Management LLC Sells 3,318 Shares of Microsoft Corporation $MSFT</a>&nbsp;&nbsp;<font color=""#6f6f6f"">MarketBeat</font>",Google News,https://news.google.com/rss/articles/CBMi2wFBVV95cUxPbVplY0V3c3ZSUEZjY0VwZnZKN2NCcmF3dXIxbURRVjNnUHJhbWNQTTFCUU5TX1VSY1l0a0UzazY3SXNnU1BrQ3lsS203LVdxY3dxR29RNmVvcDROVU1PdUJvUUlEUFFtRjRJaElodTdxdzZIcEg3TjNFLVBDUWhzZmd6T3ZZRjIxUld2Z1Y2MWNfelg5Y0J6S3UxUC1wU1lnbTVtQW90TDRlMnZIeWpPdUVzQ0VtUnpFOEUtMWY0X2pUQnk0eVlqNmx3eTRNN0h6YmNUV0xndVdyZVk?oc=5,2026-02-15 09:37:44+00:00,,,,,,MSFT
Microsoft (MSFT) Stock: Why Goldman Sachs Says Buy the Dip - CoinCentral,"<a href=""https://news.google.com/rss/articles/CBMihwFBVV95cUxQWHFmUC0zUkZ0MVhXT1laRGQ0QUsxSkdPMlV0NDIxXzN1anBicHpFeFRMNldzeWxKb3ROdUp3Q0M5LTBHZGRsSlVVNUN4dncwWHRVUV9WcXlzdURGV1JCeDFfdFFNWm1aTjE4NXhqdzlVZ1U1UEZtLUNNU2JPS2VNaVBuUXlwLUU?oc=5"" target=""_blank"">Microsoft (MSFT) Stock: Why Goldman Sachs Says Buy the Dip</a>&nbsp;&nbsp;<font color=""#6f6f6f"">CoinCentral</font>",Google News,https://news.google.com/rss/articles/CBMihwFBVV95cUxQWHFmUC0zUkZ0MVhXT1laRGQ0QUsxSkdPMlV0NDIxXzN1anBicHpFeFRMNldzeWxKb3ROdUp3Q0M5LTBHZGRsSlVVNUN4dncwWHRVUV9WcXlzdURGV1JCeDFfdFFNWm1aTjE4NXhqdzlVZ1U1UEZtLUNNU2JPS2VNaVBuUXlwLUU?oc=5,2026-02-15 09:22:50+00:00,,,,,,MSFT
"AM Investment Strategies LLC Sells 1,957 Shares of Microsoft Corporation $MSFT - MarketBeat","<a href=""https://news.google.com/rss/articles/CBMi0wFBVV95cUxQMk9HRXkyTE5yT0RnTlVCaFpsMGxXWnE1bS01Y01OcUtSeUhfMDlzdFhZbTNqVjh4ZHM5SzBJaE1ER2t1MFpoanNWZ09NOXNwcTBsQnU4T3loYXNkQVh4M2FySWY2OFFoT0xTaGxPOVljREhOQk1LOTRoVE1hR0d4VExnLVdjNGNvdkgxVzBwd2IzMDhRc2tJZ0hhLTd6amxJb1c1RlIzNm5SeHhiQTIxU2NncWE1LVE4c0xyLWtvSUpoQnl6MVVrQWx0NE9wT3RRLUVJ?oc=5"" target=""_blank"">AM Investment Strategies LLC Sells 1,957 Shares of Microsoft Corporation $MSFT</a>&nbsp;&nbsp;<font color=""#6f6f6f"">MarketBeat</font>",Google News,https://news.google.com/rss/articles/CBMi0wFBVV95cUxQMk9HRXkyTE5yT0RnTlVCaFpsMGxXWnE1bS01Y01OcUtSeUhfMDlzdFhZbTNqVjh4ZHM5SzBJaE1ER2t1MFpoanNWZ09NOXNwcTBsQnU4T3loYXNkQVh4M2FySWY2OFFoT0xTaGxPOVljREhOQk1LOTRoVE1hR0d4VExnLVdjNGNvdkgxVzBwd2IzMDhRc2tJZ0hhLTd6amxJb1c1RlIzNm5SeHhiQTIxU2NncWE1LVE4c0xyLWtvSUpoQnl6MVVrQWx0NE9wT3RRLUVJ?oc=5,2026-02-15 08:39:55+00:00,,,,,,MSFT
"Microsoft's Lack Of Leadership In AI, Wait - Seeking Alpha","<a href=""https://news.google.com/rss/articles/CBMiiAFBVV95cUxPMGVaSzV6WGpYR1JzbDRiejBMMUEtNC0zNWJ6T3R1TVo2cDBkSFRuaWU4R01VUXBURWkwY2tQVTFxY28xMkpEcVQtLTBsRG5Rb2ttODVEU0lGWHlvdHU5alRRZ2owVmNXNUNXSXpIal95MGgyU3hVejF4U0xXSW5EX3pMMXZKZFo3?oc=5"" target=""_blank"">Microsoft's Lack Of Leadership In AI, Wait</a>&nbsp;&nbsp;<font color=""#6f6f6f"">Seeking Alpha</font>",Google News,https://news.google.com/rss/articles/CBMiiAFBVV95cUxPMGVaSzV6WGpYR1JzbDRiejBMMUEtNC0zNWJ6T3R1TVo2cDBkSFRuaWU4R01VUXBURWkwY2tQVTFxY28xMkpEcVQtLTBsRG5Rb2ttODVEU0lGWHlvdHU5alRRZ2owVmNXNUNXSXpIal95MGgyU3hVejF4U0xXSW5EX3pMMXZKZFo3?oc=5,2026-02-15 07:56:24+00:00,,,,,,MSFT
